,epoch,looses,mean,std
0,1,"[40.04532623 42.12569046 45.55533218 42.38001251 42.31141663 40.75511932
 41.96372986 45.70050049 39.39561462 41.37322235 47.18776703 39.26246643
 36.79508591 40.18647766 39.2611084  33.01432037 42.95355988 34.88432312
 31.09882927 36.5692749  33.28184509 37.4086647  32.89844513 32.40286636
 31.21608162 35.61377335 28.45846367]",38.29997472409849,4.849150197296376
1,2,"[27.31318283 30.56982422 30.16061401 31.83289528 31.12864304 28.58753395
 27.27973557 27.77921677 29.89987755 28.67918396 25.76649475 26.34732819
 27.38440323 26.07061005 25.1300354  26.80472565 25.23097229 26.09082413
 24.13426971 25.59123993 25.15116501 23.98664474 29.80720901 23.84324074
 23.61784935 22.85834122 25.10328293]",26.894420129281503,2.438490281015559
2,3,"[22.92567825 22.64313126 22.59913635 21.90071869 21.64733315 21.57624817
 21.65174103 22.05181313 20.85411072 20.73056412 21.33643341 21.43880081
 20.83613968 22.06301498 20.39297867 20.09765625 22.40262794 19.2762661
 20.69810486 20.06365585 19.51461411 19.62699318 18.82527542 19.91637993
 19.33571053 19.32466888 18.37541962]",20.818711669356734,1.2513299980556924
3,4,"[18.81424141 18.635252   19.27408028 18.12459564 17.82650375 18.04247665
 17.47574043 18.23201561 17.45853615 17.95990562 19.27017975 17.73467445
 17.5714798  17.23995399 17.46549988 16.65177536 17.86693001 17.44935036
 16.8333168  16.68574333 16.23727226 16.09994888 15.93243027 17.01929665
 16.08810234 16.22304916 16.07515526]",17.418055781611688,0.955426547266902
4,5,"[15.89229298 15.88696671 16.5114727  16.14791298 15.88546944 15.20709229
 15.2287674  15.59217644 15.59664345 16.09220505 14.85028267 17.36830711
 15.15967274 15.29804802 15.02554131 14.92241859 15.20525265 14.60751438
 15.60465527 14.79449844 14.93927956 14.34316349 14.85499668 14.17881203
 15.00108528 14.99251747 14.48970413]",15.321361082571524,0.6918276550949584
5,6,"[16.18065453 14.17093658 14.32885361 14.25050163 13.65830994 13.88324928
 15.0820694  13.54824066 13.86527824 13.81957626 13.65104675 13.67111683
 13.28885078 14.2567482  13.49510956 13.45231152 13.49019718 13.33869362
 13.72621059 13.65491486 13.40988922 13.54996777 13.20434189 12.70521545
 13.7603693  13.08551979 13.59422112]",13.782310909695095,0.649738086635281
6,7,"[13.2848568  13.02469826 13.04687691 12.56638145 12.9862957  13.31900215
 12.49497032 13.02327442 12.87381172 12.87379932 12.33238029 12.86277008
 12.69614983 13.77754974 12.74170876 12.33086205 13.03703308 12.99188709
 12.43944836 12.39681625 12.3946228  12.08929253 12.36761665 12.69050789
 12.44468594 12.19511414 12.22158432]",12.722370253668892,0.39390597207429995
7,8,"[12.01490021 12.32005692 12.58706093 11.94212151 12.06581306 11.72329807
 12.09629631 11.93208122 13.45506477 16.52945518 11.53594685 12.16135025
 12.67302036 11.6340971  11.28911209 12.46641159 11.42466068 11.53748798
 11.72487831 11.78543282 13.22473717 11.09566021 11.59014797 11.14970398
 11.92683506 11.62938309 12.33157063]",12.142466085928458,1.023968830323443
8,9,"[11.57931995 11.26942825 11.65270805 11.5706358  12.27776146 11.44571304
 11.56784248 12.4693203  11.66758823 11.38609505 10.59496689 12.04730988
 10.91527748 11.03208828 10.78759766 11.24659061 10.82824516 12.35380268
 10.69823837 10.86689949 10.94057083 10.91731262 10.79341125 11.61195374
 11.09445763 10.54844189 10.79421616]",11.294733082806623,0.5357812560095792
9,10,"[10.85633564 10.56939602 10.59468651 11.01875591 11.03598022 10.76041031
 10.71546268 10.94740105 10.34485054 10.15559578 10.46500206 10.6838932
 10.03223991 10.50555229 10.76967812 10.28889084 10.5920496  10.39740276
 10.32320213 10.29154015 10.28360844 10.57276154 10.45460415 10.24870205
  9.8806324  10.14138889 10.05367279]",10.480877629032841,0.30049290882076135
10,11,"[10.55284691 10.82378006  9.75388145 11.44338703 10.09348679 10.5058527
 10.23460007 10.33221436  9.77782249 11.40391922  9.82692623  9.86691666
 10.18610191  9.52601242 10.66646194  9.94874954  9.45465851  9.26006699
 10.42433167 10.49479485 10.13222694  9.01683617  9.57864475 10.50328636
  9.3372879   9.30149269  9.66447544]",10.07818748332836,0.605275142515811
11,12,"[ 9.218606   10.79913044 10.31036377  9.94739819 10.84061146 10.24123955
  9.7817688   9.71765709 10.02288818  9.38464928  9.83268642 10.17371178
  8.74713516  9.07560349  9.4378891   9.23193932  9.65501881  9.79734993
  9.95487976  9.65783501  9.39701557  8.5350523   9.81323147  9.11189365
  9.02186394  8.91688156  8.7727356 ]",9.607297614768699,0.5803126119678039
12,13,"[9.80960846 8.30006886 8.64757919 9.12138653 9.446455   9.33872509
 8.90764427 9.15756035 9.36048222 9.35865593 7.4784646  9.84282875
 9.3903017  7.90837097 8.95486832 9.12968826 9.01478863 9.22661972
 9.32976723 9.07196045 8.73388672 8.91649628 9.23200607 8.6382885
 9.64736938 8.62523937 8.72306347]",9.011562011860034,0.521363648466756
13,14,"[ 9.16554642  8.6479187   8.72479057  8.35864258  8.38591862 10.01823235
 10.17052364  8.5238781   8.9740448   9.14139175  8.84353256  8.22392845
  8.29823971  8.2050457   9.00905228  8.9722662   8.34316254  8.67554474
  7.84551239  8.06982327  8.35886765  8.66474247  8.76314163 11.17936516
  8.0803442   9.68137169  8.37998009]",8.80388178648772,0.7237197528565986
14,15,"[7.4484067  8.04995918 8.81444836 8.50039482 8.45660591 8.5515728
 7.78648996 8.53480148 8.83360481 8.00103378 8.83023262 7.53834629
 7.53425074 8.34495354 7.90661907 8.01848221 8.04433632 9.0639286
 7.61322117 8.40175915 7.74155331 8.24124813 8.51200008 7.81990433
 8.29958916 8.43486786 8.39386082]",8.211721155378553,0.4344115776893405
15,16,"[7.49998951 8.26592255 8.75964451 6.37157631 8.32044029 8.9299345
 7.09382534 8.24637318 7.30105877 8.0889225  7.69084835 8.72824097
 8.15450287 7.61444616 6.75762129 8.55932903 8.32363415 7.71394348
 7.76253414 8.44459248 8.1112051  8.25743103 7.81908703 8.05604553
 7.50307178 7.68962193 8.12623501]",7.932965843765824,0.5882517196421029
16,17,"[6.82850075 7.21326208 7.36471415 7.73112106 7.36471033 8.19129848
 8.24654293 7.29147625 7.93830156 7.51067829 8.47737312 7.15863323
 7.14262247 7.61271095 7.48622322 7.4886055  7.96111917 7.35126781
 7.20399857 7.04676962 7.99195671 7.66486311 7.79365015 7.5302496
 8.46525002 7.47720909 7.33433294]",7.587683006569192,0.41911856641509526
17,18,"[6.80851173 6.94875097 7.08110046 7.18697643 7.19830799 7.2766223
 7.33567953 7.57873869 7.74446964 7.21942234 6.62656593 7.43467045
 6.52836895 7.22403288 8.61201954 7.27567101 7.15817738 6.20438194
 7.11276722 6.7865057  8.1638689  8.06379986 7.52546501 7.68788576
 7.16074467 7.51748371 7.6538868 ]",7.3005509553132235,0.500238674857545
18,19,"[7.94052601 6.21587849 7.44830608 7.61937571 8.28650093 7.65194416
 7.53326035 7.77151489 7.11257553 6.42756271 6.4645443  5.87628603
 6.85720158 8.18058014 6.86321259 6.74012566 7.21182346 7.11854172
 6.92584038 6.33554554 6.54352951 8.35962868 7.0774312  6.92051792
 7.94622183 7.82454443 6.0235281 ]",7.158390663288258,0.6901556031180576
19,20,"[7.24665165 8.04315758 7.14510584 6.78936434 6.52285242 7.61783886
 6.58708477 6.10667419 5.92230034 6.13926888 7.2235651  7.33310032
 6.41205883 7.0766058  6.77697945 6.48251629 6.85033989 6.89334106
 5.72669506 6.93363428 6.14057159 7.93387079 6.17675686 6.06142616
 6.40017128 6.31846428 7.13619566]",6.740614502518265,0.5894059583281034
20,21,"[6.4697504  7.11907625 5.87752247 5.77476788 5.67925453 7.00138903
 7.21435547 5.68103409 7.52348232 5.2275362  6.50191784 6.83427429
 7.18038559 6.65908957 7.14394474 5.56054544 8.14502716 6.39531326
 8.0858326  5.7656889  6.1647768  6.76825237 6.0028162  6.60716581
 6.71766329 5.65624905 5.7118721 ]",6.498851246303982,0.7591929151550264
21,22,"[6.86136627 6.82091904 6.99529219 5.73794365 7.48735476 6.55384588
 5.49064541 6.80393267 6.38716221 6.19613218 5.43958044 6.43215132
 8.2195015  6.14841604 6.19926119 6.46739483 7.80269718 6.34928274
 6.34493971 5.95519066 6.26236248 6.54098129 7.19522524 6.95887136
 5.50383043 5.56268311 6.71432209]",6.497455031783493,0.6739559447541326
22,23,"[5.83693218 5.12434483 5.80223274 6.57398129 5.98842669 6.81765127
 5.83107376 7.41041422 5.84382915 5.46751404 5.24813223 6.40868044
 6.15176964 5.56386995 6.71577549 6.23777962 7.37189388 6.04615259
 6.10228729 6.16371346 5.31715727 6.06079149 8.2085495  6.20980549
 5.52927494 5.55815411 5.24956512]",6.10517602496677,0.7114213523385208
23,24,"[6.09679317 7.05280304 6.16255665 7.02365971 9.12928963 6.04019547
 6.20941353 6.84090376 5.68250561 6.35368061 5.41555405 4.71927643
 5.06199455 4.91967869 5.50789309 7.16735506 5.1339817  6.04390192
 5.20649338 5.78841591 6.21367455 8.57887173 5.62022495 5.82423401
 6.25272179 5.99724531 4.83292961]",6.106527699364556,1.0186027314893535
24,25,"[6.53127718 5.54904985 5.66485596 5.60808277 5.27650642 6.03088665
 6.24779987 6.49693155 4.81304264 5.97666931 6.12652063 6.90952349
 6.71671867 6.30888891 6.33997393 5.8757534  5.51669455 5.94541836
 5.10522699 5.18812084 7.11800289 5.66143847 5.70522356 6.96093655
 6.22536278 5.66829681 5.11768913]",5.9512923028734,0.5939027610226535
25,26,"[5.21626854 5.02522182 5.21545935 6.53936434 6.30585384 6.76937675
 5.05073643 4.76437759 4.94580412 5.5164876  5.63150311 6.30383921
 7.24720573 5.20183706 6.35094738 6.27159929 5.61051941 6.43006229
 5.4395895  6.38768625 6.61972666 4.61591244 4.809865   6.28255606
 5.75274372 4.86954689 4.67675018]",5.698179280316388,0.7397303653977834
26,27,"[5.59693813 7.0377903  4.84519005 6.42275143 5.99377441 5.8489747
 5.06492233 4.04413414 6.5020957  5.38053417 6.12314224 6.66237783
 6.20279217 5.29085922 5.71406555 5.70901585 4.69462919 4.72016144
 5.01900864 5.99750853 6.2294383  5.05864573 5.65109825 4.92854214
 7.23564816 6.10116768 4.38647461]",5.646728921819617,0.7831174782020984
27,28,"[5.47977829 5.86745644 5.04503632 5.71487617 5.11549568 4.68260145
 4.94279671 5.1408267  4.12834692 4.43137598 5.62421227 5.69706869
 5.69039392 4.11352348 6.93856239 7.64127064 4.27893162 4.51249123
 6.72726727 6.30828285 4.93365097 7.16112041 5.30970573 5.00796175
 5.47496414 4.60150051 4.97778797]",5.390640241128427,0.904240702141353
28,29,"[5.71978664 5.15183353 4.69336081 4.89420986 5.35877037 4.67390108
 4.8466568  6.69392586 4.83685064 6.78756094 5.23205185 5.28480101
 5.54209423 4.3868165  4.22337818 5.05122662 4.90339327 5.21308851
 5.49219942 5.95384026 5.11332226 5.12968779 5.89714098 5.06740236
 5.0928421  5.63595581 5.88784599]",5.287553469340007,0.5907169609980929
29,30,"[4.21684408 5.02971363 4.75259686 5.79443407 5.97736645 4.61992264
 5.5877409  5.23379612 5.57120037 6.17234612 4.1380496  4.52275372
 4.26823235 4.43022156 4.24458027 4.7707262  4.19772482 6.84751129
 5.79371357 4.81322432 5.15791225 5.89491892 4.95272541 5.67082405
 6.45227909 5.04188824 4.07152843]",5.119436122753002,0.7588670454167683
30,31,"[5.58552361 4.54708004 5.5498333  4.61998796 4.3594141  4.63349628
 5.61807871 5.15597391 4.97173548 5.90492392 9.03884602 5.66138411
 4.83001518 4.44601154 4.58483887 4.44517183 5.05829906 4.88899708
 5.69498444 6.8286767  5.01890182 4.6758709  5.19799995 5.35903072
 4.40694809 4.55184937 4.56742144]",5.192640534153691,0.9464379197941337
31,32,"[5.56197214 4.78334522 6.79937124 5.49194527 6.05701733 5.85105801
 4.31358433 5.66173744 4.45868874 4.50177574 3.9035964  4.34988117
 4.4829998  5.78233242 5.33989    5.01961613 5.23535824 5.41079187
 5.06567335 4.74303913 5.43506622 5.15457535 5.00238991 4.58160782
 4.87968636 5.75200796 5.11231995]",5.138197316063775,0.6240268877475055
32,33,"[4.85013342 4.13665056 4.93119097 4.69163322 3.51955271 3.52203679
 3.91103959 4.3752861  4.78341579 4.5150032  4.48713493 3.75461149
 5.34876728 5.32361794 4.91795731 4.18794632 4.16328907 3.14453268
 5.15290451 4.86558247 6.37159252 4.80838633 4.28471708 3.3103013
 5.58445454 4.7724123  3.95790887]",4.506372566576357,0.724641085399845
33,34,"[3.85880494 3.85838199 4.44345856 4.93824291 7.52310181 4.23672628
 3.46981788 4.47165537 5.18966293 4.97511387 4.42489004 5.00606108
 4.28698111 5.73626614 3.67271996 4.38657379 6.26087475 5.62875128
 5.36636877 4.26417685 5.41204357 4.33110332 5.99445152 5.71027899
 3.96074581 5.30692291 3.49916983]",4.822716527514988,0.9308261516847125
34,35,"[4.15647411 3.42950463 4.17734146 5.03334188 3.66781068 3.59424257
 3.58368707 4.36234379 4.64155197 3.6688273  3.84379673 4.79050827
 4.76723099 3.27753925 6.44687939 6.14851999 4.40281773 5.47294235
 5.94147062 6.01535511 6.7081337  3.83268046 4.3477602  5.50754642
 5.36506224 3.89349627 4.58611917]",4.654184606340197,0.9717325868678505
35,36,"[3.73709822 4.58715343 4.43497419 4.93069744 5.27500105 5.34885693
 4.51622438 4.21778202 4.58448315 4.22678852 3.15533757 3.88848257
 4.12571669 3.77692461 5.78532887 4.72527695 5.71079779 4.60570621
 4.37577343 2.712358   4.06480074 4.51427412 4.44607353 4.55095863
 4.90396118 6.52899504 4.41576004]",4.5239105666125266,0.7689605962037964
36,37,"[4.88483191 7.10036135 2.70448995 5.30917311 4.47601414 4.43275356
 6.61937475 4.99021912 7.16383696 4.29042053 5.21043491 4.46518946
 4.39460182 3.92689013 4.84070015 5.83315372 5.03650618 4.99724817
 5.0597558  4.42950439 4.95572376 3.71430159 4.2230463  6.91496658
 5.56508112 6.57943535 4.71237183]",5.067792097727458,1.050411132159012
37,38,"[4.36738396 3.41443229 4.92650318 4.63947105 4.25250244 3.45848751
 5.33926392 4.51761198 4.66505146 3.5733459  3.47817874 5.809865
 3.82048726 5.44852257 4.35560417 3.45676064 4.02884769 3.51461601
 4.26435328 3.22441578 4.28910732 4.11862755 4.06668472 5.26887512
 4.67134571 3.11377883 4.35819817]",4.238604527932626,0.7027775142677303
38,39,"[3.83943319 4.22941923 4.62656975 4.75767517 5.3829689  4.26166153
 3.5821538  3.73489666 3.88693285 3.51823235 3.9369154  2.79333019
 3.33376384 3.4105463  5.68181229 3.77976823 3.50203729 6.02754021
 5.05983829 5.2296176  3.97529769 5.08975172 4.60457325 5.14303112
 5.68326378 5.13559914 5.25995207]",4.42468821560895,0.8463271006886764
39,40,"[4.73214436 3.4108932  4.57629871 3.44807434 5.77502584 5.31168461
 3.14149761 5.00160027 3.71784782 4.33597183 3.16014266 4.83866596
 4.95236588 4.86125469 4.30882549 4.44621944 4.85880661 3.36599636
 3.62438297 3.53284621 4.12930012 3.99501133 4.09020615 4.81512833
 3.76718855 3.20088315 3.14292288]",4.168192051075123,0.7335217954660772
40,41,"[4.14091682 3.20088911 3.6067462  3.20313168 3.52649069 4.28919458
 3.06631017 5.04958868 5.00698853 3.54107261 3.54606485 2.64901114
 4.87687159 2.76588917 3.52066374 3.29018426 3.51651669 3.0384872
 3.15745234 4.39174414 4.1442337  3.77340102 5.41274261 2.80057573
 4.27022171 4.06432295 4.48900652]",3.7903229042335793,0.737066548034189
41,42,"[6.67547464 3.56726575 3.95110559 3.83997488 3.47865582 3.90894437
 3.23402691 4.53314781 4.04272842 4.63223076 4.69737196 2.91832113
 3.74388838 4.67582703 3.60157585 3.55205345 4.06377888 3.83757448
 3.71346092 4.72484493 5.04415989 4.72659302 3.60676241 4.93838263
 3.39080572 3.41715527 4.53861809]",4.113138110549362,0.7554933257352928
42,43,"[3.19507504 3.89186692 3.90361118 4.5858016  4.73197651 4.40990257
 5.05009365 3.73115325 4.26118279 3.87545848 3.09238935 4.40365314
 4.55068684 3.21860647 4.79101706 3.31464267 5.40336704 2.98566723
 2.84222794 3.49849176 3.94878626 4.45172167 4.12311983 3.76039219
 3.88367248 4.44473648 3.62345266]",3.998990853627523,0.6438626545250971
43,44,"[2.93564057 4.0593648  3.98647141 4.8725791  4.02558136 3.22838593
 3.54619575 3.31442261 5.6461525  3.03514242 3.21332645 3.59546471
 3.63351679 3.69474077 3.43369794 2.52196193 4.61128855 2.76330018
 3.81834412 3.14971924 4.77483749 5.39349842 4.3093524  2.73781013
 3.79764009 4.69523716 3.45585155]",3.7870194205531367,0.7890874111506935
44,45,"[3.55153108 4.73366213 3.57889295 3.4597249  4.63278103 3.94214797
 4.15176105 3.49538207 4.19520044 3.93621945 4.21534634 3.99351907
 4.0852108  2.6271553  3.11359882 4.22185516 4.76678896 3.24740005
 4.10863781 4.98772383 3.18469977 4.0587554  3.3605938  4.07860661
 4.0036068  4.68556309 4.23348284]",3.949994352128771,0.5573577488337319
45,46,"[3.38072848 2.90478659 4.52784872 3.00031614 4.5453763  4.13633108
 4.04401398 3.30361724 3.47897172 3.53582978 2.61768532 3.78071928
 3.92644596 3.25804377 3.42796373 4.19909716 4.6744585  2.78946352
 3.2115171  3.3357904  3.6036458  4.37774563 2.68968964 4.21360874
 3.63426161 3.30090523 4.35416842]",3.639001104566786,0.5871228314529406
46,47,"[3.11821032 3.28992462 3.44321632 3.07912779 4.28661633 4.36688423
 3.52668905 3.9118731  1.85090673 3.78184533 3.87707186 3.84151268
 4.33210373 2.52834654 3.22643876 3.30837488 3.96112752 3.79132152
 4.9550066  3.91288471 4.71790409 4.14182234 3.693331   3.06679821
 3.25638986 3.54517603 6.41498089]",3.7491068530965737,0.8233852585789879
47,48,"[3.09086132 3.70134783 3.50992036 3.92203808 4.56093597 3.14904451
 3.2875886  3.65968609 5.24661016 5.12769747 3.75422287 3.60831809
 2.74450636 3.62149048 3.43483067 2.97581458 6.38467979 3.73578
 4.13791513 3.45268273 3.90955186 3.90592504 5.24186325 4.53720713
 4.59747028 2.84477806 3.51723242]",3.9133333011909768,0.8299101287798628
48,49,"[3.19088936 2.55035138 4.55926895 3.6076231  3.25773311 4.70180511
 3.04813433 4.15424824 3.88059425 3.53655243 6.06729507 2.61693859
 3.30356359 2.58614087 3.96538162 2.88154769 4.20228672 4.43754673
 4.63106728 5.49552822 4.25934315 2.67379236 4.2281065  3.20703411
 3.63066912 2.81397867 2.39802456]",3.6994609302944608,0.9106925620666578
49,50,"[2.92981243 4.22906446 3.95725679 4.52946949 4.73235798 2.41025019
 3.43897104 3.22617102 2.72183371 2.85422564 3.71634698 2.45671272
 4.40045071 4.34372759 4.39976788 2.99701166 4.23674297 4.8372097
 3.52806282 3.69320393 2.66157579 5.70966434 3.6179862  4.14167976
 4.1456933  4.08388662 2.91072226]",3.737402147716946,0.8077691015330292
50,51,"[3.4915309  3.22420049 3.31269884 3.56063128 3.08378386 4.76911116
 4.30909014 3.43228149 2.18232012 4.36420345 3.38689923 4.28489447
 3.26762772 4.00763607 4.8437233  3.89901376 3.83885717 3.87256789
 4.41685104 5.22860622 3.51936483 2.93654943 2.65329909 3.63101864
 5.80989265 4.15221071 3.62152886]",3.8185330673500344,0.7726086158333747
51,52,"[3.1746614  3.29428673 2.5524075  2.50893807 3.69173527 3.48567867
 3.18625093 4.44868755 3.30410528 3.23420954 3.58963203 3.74611187
 2.62067199 2.58722401 5.11627769 3.70517254 3.3075521  3.26404572
 2.95861626 3.04430866 3.01618052 2.93087888 2.63112402 2.78248501
 3.40820551 3.24363017 3.34144974]",3.2657232461152255,0.5624272008636864
52,53,"[3.10672879 3.80916858 3.93573332 2.59939003 3.36117029 2.8456552
 2.43889213 3.19870281 4.60656452 2.9491024  2.59518433 5.56143284
 3.74281216 2.86499977 3.3682549  3.13240194 4.38697338 2.99947524
 3.40982461 2.20978355 2.80433655 4.49222279 5.28871155 4.57270288
 3.2021594  2.70099664 3.5902741 ]",3.473098322197243,0.8470124856002811
53,54,"[3.44410944 3.22037673 2.95979142 2.19704819 2.11998439 3.57874632
 5.2541132  3.79973388 2.16535211 3.57636857 3.0829649  3.50064373
 2.66073442 3.31264257 3.71325636 4.04288054 4.18955946 2.93568993
 3.36232948 3.12151146 4.90179348 2.9515481  3.77391148 3.26538038
 3.04921746 2.85213614 2.73155212]",3.324569490220812,0.7181112477228999
54,55,"[1.88883245 3.12960601 3.33533621 6.17092228 2.85741663 3.57100701
 3.23670459 3.0256629  3.85217953 4.17832565 3.59857965 3.14958024
 3.45894527 2.95440531 3.28201151 4.02100658 4.89613533 4.93127155
 3.47370815 3.72415113 3.59884572 3.83440924 2.28202415 2.75604057
 3.8706274  3.19657063 2.53470802]",3.5114449527528553,0.8456020433041663
55,56,"[4.84149313 2.84670472 2.76305151 4.03982353 3.96935177 4.14289474
 3.08842373 2.78645754 3.07011795 2.58734226 2.99629426 3.12593269
 2.40257835 4.08965158 1.98042798 1.82192993 3.00867796 3.93200135
 2.50155568 3.68450093 3.74998617 3.05200267 2.71467209 2.88099217
 2.34141088 4.10757637 3.24831295]",3.17682092278092,0.7236315329025039
56,57,"[2.69262862 3.26031876 2.43877602 2.11273265 2.01097727 3.41605091
 2.85071015 3.35108757 2.54071498 2.51802254 2.84277773 2.40420151
 2.42363143 3.30270457 2.90621138 2.69139981 4.76979256 2.14070511
 2.71468496 3.96901274 4.46414518 2.57704425 2.58250237 3.21289372
 3.33089828 5.69370222 4.43816566]",3.0983886277234114,0.8717316828852641
57,58,"[3.33386326 3.57992911 2.71788883 2.72599769 2.85340261 2.9224205
 3.97584105 2.7614007  3.51471543 4.89295292 3.73046374 2.42346811
 2.61303639 2.73919487 3.64381242 2.83828402 2.7391963  4.35940552
 2.22789502 2.17620373 3.5295217  2.77538133 2.28536081 2.89865756
 3.57647657 4.76867914 6.62601376]",3.30479492964568,0.9652205598138305
58,59,"[4.53945637 2.87327433 3.70392513 3.13619757 3.9872849  3.65250087
 2.98927855 3.00003338 3.90780497 2.99523783 2.7189374  3.1379447
 2.94251299 2.96605539 2.71857119 3.64647913 3.48754454 2.78114843
 3.22827792 3.30397201 3.25415897 3.95603561 4.52935362 3.22082329
 2.31424332 3.14042664 2.22215748]",3.272356907526652,0.5648008597643185
59,60,"[2.98547101 2.78863478 3.96303701 3.51786947 2.70448351 1.95420265
 3.18040729 2.39047003 2.87065506 3.0382576  3.0118227  1.95432222
 4.25670052 2.51837492 1.62152326 3.37857056 2.71468663 2.61682558
 2.63508701 3.93373585 2.56065369 2.0451293  3.03021908 3.51945329
 1.43533707 2.67552161 4.71133661]",2.8893625294720686,0.7589610280834393
60,61,"[1.65902483 3.44168019 2.15880013 2.73106146 2.55282259 2.24776697
 2.98359466 2.17050099 3.751755   2.19546819 4.06521463 3.03995466
 3.04427266 3.43498182 3.69417644 1.91187954 3.67912459 1.94877779
 2.56634426 1.97244334 2.31420326 3.30857778 2.93539381 4.16907024
 1.73432744 3.05490255 1.84673762]",2.76343916522132,0.7354463340475828
61,62,"[3.55762959 2.89881372 2.97190142 5.35641003 2.11299229 3.97234941
 2.81443691 1.81530881 3.8999095  2.38173819 2.80591464 2.17004538
 2.86112666 2.33430576 3.34760261 3.61018777 1.8125037  2.82350588
 3.70340729 1.69470859 3.3395493  2.74748707 3.72923493 2.22938156
 4.7735672  3.59100199 2.55212045]",3.033597800466749,0.8719601186267688
62,63,"[3.37614346 2.62098908 2.39861345 2.79400182 3.28177595 2.73248601
 3.28623724 2.0095048  2.14176846 2.44551826 3.70292211 1.94028544
 3.62131929 3.07680368 3.79401875 2.62677193 1.98624039 2.93090677
 3.45417094 1.38874865 2.88016129 2.16808438 3.19992924 4.12302351
 1.81497312 2.37236118 2.6882937 ]",2.7724464027969926,0.6684919775200627
63,64,"[4.25395441 2.24656677 2.2863965  4.36870289 3.55607367 2.27233934
 1.98052645 5.6589365  3.19770241 4.39987707 3.44227171 2.80129886
 3.57794809 2.14227247 3.52490854 3.05637121 2.05832767 4.60715389
 2.73046327 2.77551222 2.04518843 2.71012354 2.90349817 1.94708705
 3.16160154 2.45243263 3.97341061]",3.115960960034971,0.936297809865116
64,65,"[2.462152   3.13970232 2.76737595 2.26337838 2.13287044 2.35094452
 3.0652492  2.64965177 2.61737967 3.76706982 3.21581602 2.4219532
 4.85362339 1.68474996 1.75074828 2.67427969 3.99781656 4.29449177
 3.85149908 2.45414543 5.87128305 2.85076046 2.11354589 3.16845465
 2.07151055 3.62644911 3.63422942]",3.0278196511445223,0.9538362875127844
65,66,"[3.43960094 3.7305429  2.82366419 2.79903579 2.39801836 4.00124788
 2.5736599  4.18648148 2.12802744 3.70293283 2.21555424 4.15210438
 3.51475143 3.62143087 2.83295536 5.15697098 3.07221556 3.80281067
 5.23201752 2.54585934 2.80842662 3.55875683 2.4843483  1.93941045
 2.39637303 2.58516741 3.99171376]",3.2479288313123913,0.8546028935461554
66,67,"[4.22789955 1.91483974 2.80523348 6.49381828 2.69431162 4.89585876
 2.35549831 3.11093283 2.83367896 4.10095453 4.64223909 2.81219578
 2.89960766 3.97828913 2.79227257 3.04609275 2.40437055 2.67035747
 1.73197973 3.64610648 3.05809331 3.07496357 2.71269488 2.04114151
 2.79548931 3.88375425 4.04460669]",3.246936325673704,1.0146552543136333
67,68,"[2.89964557 3.29411578 1.81058133 2.72700357 3.39302516 2.32734394
 2.74933434 3.28384709 3.50572252 2.47856665 2.05876303 2.38347745
 2.87208509 3.8093648  2.57452679 2.35859013 2.8748064  3.18067169
 2.60356808 3.80761433 2.04719186 2.89381456 2.83567691 3.09343624
 3.2275207  3.3030262  2.67526174]",2.85439192365717,0.5048969224356225
68,69,"[2.52718329 3.5224216  1.9764322  3.0706358  3.11523771 2.07727647
 3.28406262 2.84336662 2.73182583 3.30744839 3.4651773  2.10766912
 2.43130183 2.50112391 2.40933275 3.08757043 2.81526184 2.74535799
 3.39757657 3.06613326 2.76775646 2.6088593  3.15148115 1.34049845
 2.84651136 2.06135464 1.70965683]",2.7025375454514116,0.5461239610762839
69,70,"[2.14628434 2.16915941 2.47690964 3.22834444 2.42187667 1.57626057
 4.5257659  3.87624693 2.74461913 2.13264298 1.60761881 2.26690269
 2.27911186 2.33843422 4.50912714 2.32077408 2.02650094 4.38747835
 2.03940725 3.25558877 2.81471992 3.83754015 1.90486765 3.02287126
 2.61602688 3.34824467 1.98710597]",2.735571503639221,0.8475460759171306
70,71,"[2.46754313 3.81097126 2.80919981 1.94741797 3.10480595 1.75722146
 1.81487584 3.92606163 2.51827884 2.15516567 2.80972409 2.40748262
 3.4821682  2.0504179  2.47239828 2.42643499 2.92547965 2.41247487
 2.82997656 3.13089609 3.74006677 2.70498371 2.15890312 3.18436956
 2.40623021 2.34762573 2.03923798]",2.660755996350889,0.5882981974201535
71,72,"[1.39446878 5.47934628 3.692065   2.1711359  1.63081789 1.86977029
 2.17484236 2.57020998 3.16269326 2.61133099 3.04039836 2.32696605
 2.56211233 2.64245272 3.6901288  3.98373508 3.88923025 1.39769721
 2.47407484 2.69940853 1.51127088 3.12726617 3.31893992 2.99502277
 1.98809516 2.97102904 2.02797079]",2.7186103573551885,0.9066699912552143
72,73,"[2.57303715 2.93039966 1.23412192 2.99578595 2.32777119 1.96005583
 3.60039759 2.11228395 2.30930781 1.40289998 2.70682025 3.38302732
 2.2097683  3.16398716 2.01844668 3.26923418 1.8248992  2.84746027
 3.44760275 2.30607271 2.39681458 2.75557423 5.71012354 1.53573477
 1.64346886 1.68155289 3.95207095]",2.603656283131352,0.9265044488269851
73,74,"[2.95651245 1.89070916 2.60774732 2.01387882 2.41515064 2.62339926
 1.84154618 2.27069259 1.67424595 2.44708443 3.2982893  1.39338493
 3.02179956 1.92226315 3.87881708 2.38984752 2.86572027 1.82415104
 1.82672381 2.93123126 2.41931581 2.33397794 2.99701023 1.40949595
 4.83196115 2.99474216 2.00418425]",2.4845882300977356,0.7459594438653198
74,75,"[1.82209289 2.61695623 1.83677995 2.61670208 1.65639555 1.88076234
 5.10578394 2.77375746 1.95564115 3.04582357 2.37746739 2.62062192
 1.75205779 2.23744488 2.87257099 1.32179546 2.91464853 3.38047838
 1.6642015  3.11766195 3.19217062 3.24343967 2.13714933 2.07188582
 2.31354237 3.94603443 3.49390435]",2.591398910239891,0.8148641764185967
75,76,"[1.90303373 2.75166202 3.56127262 2.22469044 3.04273987 3.21935225
 1.87050736 3.0024662  3.06919932 2.31773925 2.77699089 2.61280107
 2.52189636 1.46345377 3.96105409 2.42609143 2.41285849 1.54782295
 1.65605068 4.30362511 3.37208796 2.00417042 2.46750355 2.66561818
 1.50079906 3.89008117 2.51074338]",2.631715244717068,0.7483589583156812
76,77,"[1.8402822  1.9218961  2.81504917 2.68471837 3.4964757  1.90463126
 2.25334764 2.63949537 1.92303777 2.4746387  1.48021615 3.4079721
 3.05492115 3.44118857 2.68550634 1.71878505 3.37223268 3.24136686
 2.97700071 2.17238808 2.72996521 2.14580345 1.8196156  1.68571532
 2.39681387 1.89627814 3.02314067]",2.4889808230929904,0.6074243536095305
77,78,"[1.48481464 1.96838236 2.39421034 1.52539897 1.99069858 1.13517308
 1.8876611  2.45631194 2.64557076 1.85551691 3.02388668 2.05697632
 1.66294849 3.26655865 1.89976585 1.52060723 2.06402254 2.55298376
 1.98471928 3.81392241 2.55327845 2.53361821 1.76917613 1.99634027
 2.80656624 2.21973705 2.16164422]",2.1937218683737294,0.5779619579676283
78,79,"[1.33574033 3.35377645 1.55660701 2.13511515 1.93918681 1.4992547
 1.62952256 2.09316874 2.10454559 1.7053529  1.57895637 2.17858338
 3.20544863 2.82514715 2.31707525 2.40004206 2.69832039 1.90182245
 2.26121283 2.24200106 1.24463379 1.99938703 1.41740632 3.44182968
 3.50951982 2.52912521 1.79668832]",2.1814618508021035,0.6357990016052272
79,80,"[1.68509698 2.01714325 1.27334785 2.78071547 1.5793891  1.80962241
 1.76437008 1.26219738 2.48888254 3.58121157 2.37872052 2.23906398
 2.40372419 3.366889   1.95773017 0.94677752 3.54383755 2.01039886
 2.16890287 1.15415156 2.46131086 1.8940587  2.61250138 2.30780768
 2.16946197 1.92474651 1.69737291]",2.1288678844769797,0.6563459646644227
80,81,"[1.39608562 2.14908862 1.74907935 2.9414711  1.62712383 2.91271091
 2.57342434 2.39810848 1.76159036 3.05155802 3.15392542 2.10201669
 1.35023594 3.08915067 1.91020215 1.97216201 1.70682859 3.31145811
 2.18610716 2.8987782  1.76114154 1.74165583 2.65906358 3.81780672
 1.72882187 2.70503998 1.94759119]",2.3186009724934897,0.6458149486515118
81,82,"[2.3480444  1.72076714 1.78026605 2.22124243 2.29810357 2.13479781
 1.44523847 1.99832606 1.53119898 1.90177453 3.10118389 2.16787243
 2.74596143 2.22356367 2.61935019 2.88210773 1.92849326 2.49550486
 3.79467201 2.829216   2.42213416 3.43071556 2.65863991 2.744946
 2.834723   2.39098811 1.75735772]",2.38545145811858,0.5517486570267595
82,83,"[3.36667323 3.30944586 2.14389515 1.92209566 2.18589306 2.07948494
 4.2593255  1.86589336 2.06747842 1.5619173  1.98062694 1.38482344
 2.28436375 3.0808723  4.91008663 2.97421646 1.2606051  2.74565983
 2.94078922 1.44358754 2.22349977 3.08348608 2.34469748 2.21114874
 3.36712551 2.26909375 2.27428865]",2.501521247404593,0.8372130805524819
83,84,"[2.79276276 3.82916975 2.39825201 1.59114885 1.54642248 1.600178
 1.76328242 2.61717153 1.97194302 2.34948921 2.05772781 2.74864817
 1.47360885 1.41549265 1.41177249 2.00158501 4.20148945 1.66320646
 2.92217755 4.62268353 2.84970427 2.71063662 1.58844805 1.67331994
 2.22296762 2.43660712 1.77069187]",2.3048365734241627,0.8328890580997758
84,85,"[1.96245384 1.79049373 2.3143363  3.44280624 1.35675979 2.0803926
 1.9389019  1.63401628 1.70245934 2.01366472 2.78823471 1.4177599
 3.24160933 1.55100346 2.39431763 1.03194022 1.77919912 2.08385277
 1.78449357 1.78903675 2.23767185 2.24428034 2.75761938 2.48649454
 1.74283981 1.90938175 5.22286844]",2.174032900068495,0.8024400463345186
85,86,"[1.70447791 2.29049969 1.68354881 1.72471881 1.07317197 2.45286536
 2.69833851 2.12372208 1.75553417 1.65513635 2.73579907 1.79027128
 1.24051297 1.53288901 2.20886707 1.14369917 3.74836874 3.34213209
 3.1129725  3.05597997 2.79141998 1.76310372 3.79300261 1.83944106
 2.5395143  1.98059201 3.4671936 ]",2.2684360301053084,0.7670109975330881
86,87,"[1.9354943  2.70542431 1.99677157 2.26021147 1.9525094  2.39548635
 2.92400432 1.86941755 1.79964685 3.29971671 2.69790506 1.98670197
 2.47691298 2.52009988 2.0950346  2.24269176 2.44044757 1.7938056
 1.88589132 2.1249671  2.55108643 2.26521349 2.53066468 1.71705103
 2.4411869  3.89042616 2.21843696]",2.3339706041194774,0.47869330387285985
87,88,"[1.8859216  2.95189166 2.34828043 1.86543071 2.77852774 1.95051289
 2.16188288 2.56769896 2.08350182 2.44957757 2.25819516 3.03480482
 1.93160772 2.99117899 1.25697649 1.78173506 2.63366485 2.27602482
 1.63711619 2.55619979 1.61267376 1.91353321 2.42112255 2.88629055
 5.02254391 1.65026021 1.1877712 ]",2.2998120564001576,0.732295816088991
88,89,"[2.10889626 2.47691774 2.37875462 0.95993018 1.85284972 2.46896434
 2.38062716 2.87998867 1.60610056 5.14141226 1.24589276 1.66495204
 2.18395066 2.57901764 1.75838816 1.46964574 2.0279932  2.17748094
 1.75528455 1.37882757 2.4354012  1.81878257 1.86314344 2.07769847
 2.84752703 1.4052422  1.33491552]",2.0843920442793102,0.7718651613326413
89,90,"[2.72366524 1.63316917 1.74207163 2.3766923  3.19981718 1.75340259
 1.48443604 1.58312547 2.98141956 2.71348906 2.11376381 2.09905529
 2.79476762 1.93890178 2.41807127 2.52741838 3.34699655 2.18146658
 2.12446308 1.83837783 1.47786856 2.6710434  2.07601929 1.21031117
 2.15276146 1.97788954 1.43757296]",2.1695569179676197,0.5509302463114787
90,91,"[3.45783257 3.03811932 1.4918623  1.33884501 2.86734295 2.38916492
 1.69050407 3.48475671 1.31501853 1.70782042 1.69260526 1.85019767
 1.70530963 1.22916126 2.29940701 2.58169389 1.632622   1.66397822
 1.83920288 2.38634062 1.18884563 2.0013957  2.61519837 2.5693748
 1.92884302 1.85481453 3.62313509]",2.127533051702711,0.6908945888317631
91,92,"[1.46381223 1.39493001 1.71593833 1.79029739 2.69502234 3.17220759
 1.28892803 1.94100499 1.19739866 1.69633257 2.46552253 1.6870786
 1.60979807 2.34530854 2.73964262 1.97493219 3.34198856 1.73585606
 1.94429123 1.31285262 1.76954222 1.22095227 1.4325875  1.57481372
 3.43575668 2.09374142 3.75747156]",2.0295558726346052,0.7112525363922051
92,93,"[2.70593452 1.79198456 2.42801857 1.57857919 1.24815261 2.17878771
 1.61911643 1.67689657 1.71837747 1.65889239 1.4233278  2.26463032
 1.61712313 3.19463634 2.87226295 1.32389808 3.17095757 1.7405591
 1.79815662 1.86439157 1.37587667 2.31809998 2.10821748 2.94472003
 2.00801897 1.65508318 1.4602654 ]",1.9905542665057712,0.5590836527777272
93,94,"[1.43570995 2.56530976 2.2558918  3.09499407 2.74421906 1.7796309
 1.94911742 1.82443655 1.45017624 3.39873099 2.65042329 1.68127632
 3.32681012 2.03673267 1.49116969 2.78540611 3.90324712 1.05949092
 2.90623236 2.24807167 3.62661791 3.5577569  1.79376721 1.66156697
 1.83474183 1.75863266 2.253824  ]",2.336073500138742,0.7620390901183565
94,95,"[1.67005086 2.22390604 1.63484561 0.92558181 1.72910357 1.63185465
 2.13819361 2.58689046 3.12722206 2.48941469 3.08184814 1.34447658
 1.99015641 1.15569925 2.94981837 1.92670953 1.57975698 2.6549356
 1.97284818 1.52533793 2.14312696 2.34802532 1.17825747 1.90396118
 1.72796869 1.3199451  2.00593305]",1.9616988190898188,0.574278155651505
95,96,"[2.13534784 2.16737556 3.13862991 4.538661   2.50751758 1.29754174
 2.0375011  2.22987509 2.02640891 2.09528589 2.27091455 1.96182621
 2.6088562  2.4477253  2.97860003 1.75437593 2.83472252 3.35915589
 1.16550469 2.28311348 1.9877826  2.58275747 1.86349869 1.95983255
 1.26054597 2.2310257  1.34968567]",2.2620025210910373,0.6970019819644091
96,97,"[1.93236923 1.75512099 1.16124272 2.10921288 1.23453283 1.1704849
 1.62553298 1.08335412 1.85697341 1.65121603 1.02106977 1.45990026
 1.58895504 1.88247585 1.18005681 1.78707254 1.75656331 1.53438354
 1.92323267 1.11284232 1.24460638 1.69652021 2.16540074 1.23787498
 2.28855181 1.29048812 2.69491243]",1.6090721068558869,0.41321846949888486
97,98,"[1.73397994 1.50481451 1.2949183  1.91924679 1.9944644  2.74115229
 1.97816598 1.34320354 1.46267009 2.02553129 1.56200552 2.14409113
 1.17241859 1.95366383 1.36926448 1.38674426 1.08600044 1.32460976
 2.23194146 1.66293836 2.34758091 1.46929049 3.69757509 1.14340568
 1.61034203 3.0187068  1.60737729]",1.80689271291097,0.5955887093233007
98,99,"[4.88972712 1.89972663 1.05684149 1.19730353 2.13686705 3.8228097
 2.38995528 1.4379878  1.67682469 1.96884203 2.2062428  2.1128552
 1.44990325 1.83236361 1.63801265 4.27732229 1.74978828 1.88130414
 2.20578313 2.7537775  1.56105113 1.71749294 2.20018625 1.59438384
 1.6618185  1.56939912 1.19138026]",2.0770351930900857,0.8917334521662843
99,100,"[1.56103718 2.42072129 1.14286613 2.72586036 1.75820112 2.41446924
 1.64511251 0.90705454 1.46961129 2.31566954 1.74323845 2.28185177
 1.70664537 2.01353168 2.046983   2.62355256 2.53143024 1.97775817
 1.02119553 1.25869775 2.06261897 1.65388179 1.89253592 1.43782794
 1.17102504 1.72680879 1.98504567]",1.833156735808761,0.4883015041178946
100,101,"[1.52643228 1.92851329 2.17805099 1.93074894 2.41113734 3.41624975
 1.83518291 3.14418101 1.06919348 2.23525286 3.13666034 1.25128365
 1.06644785 2.2737596  2.27262592 2.73481345 1.99514174 1.17705643
 1.57959807 2.84645772 1.57706523 2.74692345 1.50484419 1.38107419
 2.33661795 2.8495717  3.19404411]",2.1332936463532626,0.689300767463229
101,102,"[1.45587277 1.75514698 1.71304333 1.30581105 1.86573625 1.21376014
 2.15330386 2.41542554 1.57231927 2.06864452 0.99276209 2.0600431
 1.88326919 2.5557425  1.75402927 1.2878828  1.33058035 1.63193285
 1.72414327 2.21870661 1.01588464 2.69275784 0.90905941 1.98571563
 1.84099936 2.15337038 1.69294059]",1.7499586520371613,0.4574366253080556
102,103,"[2.00120139 1.95609546 1.92925179 2.41671109 1.9847914  0.84841895
 2.72605157 2.07469654 3.244596   1.56403863 3.40641451 1.71295857
 2.59683228 2.27378321 2.89163733 1.2309705  1.59263194 1.73393595
 2.70508051 1.2269938  2.17299342 1.20962834 2.52184224 2.60165453
 2.84901261 1.60021067 2.50867891]",2.132633783199169,0.6365857411407775
103,104,"[1.57275212 3.0416553  1.6950171  1.34809422 2.03736663 1.53518867
 2.33750176 1.12136984 2.53898764 1.29587293 1.53377163 2.07045722
 2.19228649 3.05287075 1.79047489 1.71339405 1.4963845  2.34380555
 1.69699931 2.03491211 1.81728923 2.60199475 1.15570199 2.09109902
 2.19304681 1.67633033 1.53775215]",1.9082361857096355,0.5047640102097334
104,105,"[1.5456779  1.2268033  2.52498913 2.10713959 1.13260436 1.39914751
 1.47346187 2.73130512 1.7086724  1.91944265 0.96396524 1.46584666
 2.00268674 1.48622012 1.09454596 1.4142077  1.61265898 2.83497119
 1.52922678 2.10293245 1.72226536 1.07849014 2.59091043 1.15372992
 1.20524919 1.99813724 2.08740544]",1.707877532199577,0.5199757313011905
105,106,"[1.36700284 3.137501   1.49429977 1.75955415 2.64301729 1.6987114
 1.45972323 4.99848747 1.50120723 1.6571641  1.34671092 1.5718894
 1.70592129 2.56028819 2.31568146 1.9179194  1.35695136 3.28381658
 1.61769378 2.35417104 2.27270031 1.80559266 2.55961084 2.81897211
 1.80135787 1.81308043 1.50514388]",2.086080370125947,0.7894431222998769
106,107,"[1.35336995 1.47672749 1.88818908 1.64787459 1.90559578 0.89531767
 1.51979721 2.50826144 3.41661549 0.93495023 1.33137763 2.56634259
 0.90083104 1.07489729 1.10865688 1.20321476 1.51556098 1.63424051
 2.00555754 1.50519395 1.93279743 0.98572147 1.44359183 1.30503035
 1.56496096 2.90640759 1.59209299]",1.6341916565541867,0.6071257996224191
107,108,"[1.62187862 1.34156418 1.33949995 1.33143687 1.08001399 0.94204801
 2.65705585 1.15524125 1.83665287 1.7687552  2.4416976  1.12258291
 1.87854934 1.10406482 2.00161934 1.04278588 1.34454048 1.56651926
 1.52966762 0.92979789 2.85889149 2.51195478 2.51126337 1.81419182
 0.83170927 1.80156994 1.1415298 ]",1.6113734223224498,0.5674099584106234
108,109,"[1.92727625 2.22049522 0.89180231 2.44202757 1.99294877 0.98766863
 2.67838645 1.79788053 1.78613198 1.14305401 2.06426334 2.01863432
 2.43140221 1.3424319  1.32958412 1.68711913 1.18984139 2.18313503
 3.52417421 0.94130766 2.35511017 2.33055401 1.27704561 1.24424255
 1.47903025 2.59965444 2.19118547]",1.853940279395492,0.6238568279683505
109,110,"[1.14543712 2.83661985 1.47908974 1.69650698 1.4093039  1.71712971
 1.81854534 1.68298316 1.75933278 1.12552857 2.4988668  2.67547655
 1.70642793 1.85802734 1.22142529 2.12211895 1.13238752 3.79630303
 1.33936    1.87788677 1.40093184 2.21005416 1.68637586 1.06903815
 3.06544471 2.03843832 2.20829487]",1.8732346384613603,0.6428019881443551
110,111,"[1.53900492 2.72229123 1.94859886 2.52709341 0.8725431  2.81303406
 1.76654208 3.13933992 3.01768899 1.64770854 2.57800293 1.65068901
 1.66119933 2.2622323  2.39721489 1.90190136 1.43043721 1.61608553
 1.13773823 2.08800364 1.86709046 2.1264205  1.87861609 1.41140521
 1.57169962 1.14186287 1.26585031]",1.925196095749184,0.5834737634284012
111,112,"[1.03271413 1.98429513 1.0202502  2.02548027 0.9160372  2.09297276
 1.75735176 1.79446042 1.76402938 1.80806947 0.98103952 0.81151992
 2.39862776 1.024423   0.87953669 2.32486725 1.37284946 1.24048924
 2.50816917 1.74339271 1.54494596 1.8718909  1.71020877 1.21572149
 2.28341031 2.22402692 1.77206945]",1.6334388609285708,0.507990741616422
112,113,"[1.20932901 1.54825783 1.11161697 1.94396186 2.20108199 1.08567905
 3.29188681 1.5315876  0.95674455 1.65833449 2.44003296 1.35414898
 1.62255168 2.22608089 1.82806134 1.34995294 0.74854624 2.10893536
 1.33991337 2.28709269 3.67697573 2.00685859 1.15781665 2.91621876
 1.08619988 1.40793204 1.59403479]",1.7662901127779926,0.6986963289885564
113,114,"[1.8029716  0.99326116 1.55691206 2.65387797 1.78209376 1.82234156
 2.52673769 1.95653784 2.68830585 1.68649435 0.89861    1.23196328
 2.02469397 1.15857351 1.47690344 1.40986419 1.19465446 1.62717032
 1.86620355 0.94083083 2.52443314 2.92237425 0.92325395 1.30444384
 3.25545669 2.12518454 3.86782074]",1.8600729085780956,0.7450667522841179
114,115,"[1.66025722 1.36075568 0.97128832 1.99262488 1.37421668 1.80394995
 1.96865416 1.76321661 5.82480574 1.64504409 1.28451002 3.04124737
 2.73372507 1.61089945 2.28690267 1.40468943 2.45066261 2.7348206
 1.55753577 2.10270381 1.15545082 3.07780194 1.69398785 2.14047813
 1.54680753 1.37112093 1.45838845]",2.000612806390833,0.9305324628771001
115,116,"[1.31644225 2.56579947 1.34274507 1.12077355 2.01827168 1.38807738
 1.12789273 1.39358044 1.02936816 0.78333843 0.73064703 1.16777802
 1.9432112  1.03066587 0.85962451 1.41660333 1.75801039 3.62054062
 0.74814117 3.18361807 1.6200428  0.75223589 0.76710439 1.4366734
 1.47514296 1.73780429 2.59467936]",1.51588194237815,0.7294522883577798
116,117,"[0.81232417 1.2678566  0.91333294 1.94616747 1.0158205  0.83568227
 1.24845028 1.57891917 1.85717785 1.83960593 1.14088726 1.57423425
 1.20690775 1.76658463 1.77591181 1.24532127 1.23672962 1.40534103
 2.97907329 2.33621693 1.9420414  2.05894423 1.87934661 0.98755717
 0.77656138 1.38975191 2.0104599 ]",1.5195262078885678,0.5148148679906347
117,118,"[2.77227688 2.68622208 1.89348364 2.15138102 2.32029438 1.28835464
 1.55650568 1.7976855  2.23533201 1.90437198 2.45046091 2.55712533
 1.74315214 1.1620872  1.02366781 1.19384289 1.5186162  1.49261367
 1.86569142 1.35351133 1.98117924 2.41921043 1.52486074 1.67841613
 1.49452615 1.31681311 2.03761268]",1.8303442663616605,0.48205482474931555
118,119,"[1.17734861 2.77042341 1.89444339 0.74117267 1.04481697 1.56336021
 1.26316929 2.0967803  3.18597913 1.89288116 1.88137865 1.31054473
 2.16498899 2.17250037 2.13628459 1.5344702  1.84207332 3.61083293
 1.95163059 1.15513253 2.318012   1.01693916 1.22718072 1.86650395
 2.42698073 1.19549632 2.8901639 ]",1.8641292165826868,0.6902249462289743
119,120,"[2.19186831 0.85148048 1.46758723 1.42705679 1.65314448 0.7649349
 1.78641069 1.28761649 1.16886187 1.85578203 0.78146964 0.98258686
 2.79971313 1.29206061 1.94448674 1.04690683 1.09402323 1.95929444
 0.76210916 3.01618195 2.33657908 1.37158561 1.06665599 0.77355433
 1.03507996 1.59273803 2.40135622]",1.5078194472524855,0.6217835831426638
120,121,"[1.72437012 1.17759025 1.18162596 1.05975199 1.02377427 1.29845333
 1.8147583  3.07152939 1.22478247 1.09123039 1.06834412 0.61904657
 0.89348936 1.42978442 2.26325464 1.02048087 1.8436867  0.98269325
 0.68624526 2.11004281 0.68996167 1.79643655 0.69531286 0.89147162
 2.00342607 1.32707095 2.21062326]",1.3777495357725356,0.5850904670601231
121,122,"[1.30632913 0.93689644 1.45770907 0.8064394  1.49040484 1.94314945
 2.35947156 1.81379485 2.92002344 1.36212146 1.71833467 0.85353541
 1.78398323 2.41892314 0.87556577 1.4903686  1.47454607 1.96422982
 0.60230231 1.23846233 3.46953773 1.59342122 1.87183487 1.53451133
 1.97756529 1.44250035 2.64485574]",1.6796599096722074,0.6519325269705647
122,123,"[2.02155352 2.30680227 1.23536682 1.1580615  2.0134747  1.1915046
 2.23646045 1.21472013 2.14580441 0.93740439 1.23868799 3.45056868
 3.01548386 2.56524682 2.25152779 1.31889594 1.77108979 1.67272234
 4.85538769 1.30006611 1.53974438 1.14459813 1.44217563 2.62903786
 1.83458436 3.53957987 2.05131245]",2.003031942579481,0.8877697711896784
123,124,"[1.8488028  2.49483466 2.15977526 1.30816317 1.82699084 1.90250719
 1.61489892 1.76385784 1.07542181 1.7579726  0.89408338 1.37758648
 0.68853331 1.7382493  1.27490377 1.10914254 1.40985656 2.02278399
 0.81201565 1.25294363 1.71457517 1.85704899 1.67325354 1.68354571
 1.82868254 1.81972313 3.1271162 ]",1.6310099628236558,0.5066302086109139
124,125,"[1.5992353  1.65816522 1.27118087 2.21970582 1.50726199 1.1356678
 1.15254283 1.06855166 1.1828897  2.07113123 1.05435991 1.68723869
 2.40267086 1.73823619 1.13302946 1.88715196 1.07182884 1.37734056
 1.50077415 1.33978534 1.65158606 1.15939498 2.71902084 1.1399163
 1.56956601 1.8485055  1.17757905]",1.53053026287644,0.4322714932766152
125,126,"[1.56217217 0.92060816 0.57069302 0.87357676 1.43344307 1.40647197
 1.34974122 1.01466608 0.85606945 1.0304966  1.52675307 1.1930654
 1.04282331 0.96866298 0.81783038 1.18057084 1.03803396 1.21063757
 1.34394789 2.80684781 1.03591251 1.23190284 0.7149781  1.65320301
 0.96385127 1.14285266 1.79579604]",1.2105780795768455,0.4239490520604964
126,127,"[1.02467084 1.98562527 1.04817009 0.90682995 0.84225416 0.93142575
 1.33653522 2.0404768  0.67038226 1.93644392 1.48900962 0.98549736
 1.14916122 2.08367443 1.30971563 1.0875994  2.69421029 2.00478983
 2.89699721 3.37222385 2.56684494 2.38319063 1.97994041 0.79513192
 1.12694919 2.1763339  1.53678489]",1.6429951477933813,0.7132384059662195
127,128,"[1.67974389 1.81316924 2.26818562 1.92929435 1.28155494 0.93744636
 1.3559339  1.61436713 1.90237164 1.50684142 2.78045654 1.41421294
 2.22041988 1.73362672 1.63867188 0.98963177 2.37244987 1.64950299
 2.17654943 1.65234351 1.96810555 1.5198431  1.05849528 3.26697874
 1.49824786 1.19903755 0.91684371]",1.7164565126101177,0.5420021226161164
128,129,"[1.27164316 1.08024931 0.89258349 1.17296731 0.88035858 2.17285872
 1.083812   2.38365459 1.48265696 1.09838176 1.1315968  2.35460353
 0.99123663 1.27149856 1.42554617 2.15513277 1.13764334 0.86127555
 1.63206601 1.24501061 1.22014356 0.85994983 1.99131918 1.56520629
 1.7094543  0.75524044 1.89517474]",1.397083858648936,0.47502604873091125
129,130,"[0.72355199 0.82115996 2.86805248 1.28035736 0.99046898 1.01302338
 1.66638064 1.16403806 1.19718361 0.92679954 2.70897031 1.06187224
 0.84287053 1.15264571 0.77941316 1.55050266 0.66332215 1.50759554
 1.20565903 1.18203962 1.14034986 0.8366856  0.79174352 1.3581543
 1.45133543 1.81674337 2.78983355]",1.3144723176956177,0.5958136132324603
130,131,"[1.20758581 1.67569017 2.18718934 2.1869874  1.04242218 1.03416729
 1.44178128 1.56567717 1.19503248 1.45620394 1.29063189 1.30935597
 1.66573048 1.08663511 1.64575028 1.40577388 1.24563646 1.4228667
 1.84708154 0.903193   1.60992098 1.25938559 1.59966469 1.33472204
 1.32353973 1.5519166  0.95513201]",1.424062000380622,0.3178478601509766
131,132,"[0.73548675 0.8671059  1.15235734 1.59378314 1.02092302 1.2266891
 0.57344949 0.64640617 1.05572498 1.69610226 0.99513912 1.08911204
 1.15593719 0.79423195 0.62518144 1.20376062 1.5299983  1.29907215
 1.38789248 0.91344768 1.62949109 1.89606261 0.98477852 1.02487123
 1.94390452 1.83204794 0.96672964]",1.179247655250408,0.3854630248700253
132,133,"[2.09621716 1.14492345 1.75018919 0.9789685  1.87857461 1.05137587
 1.26895404 2.49089503 0.67420977 1.5455513  1.69836962 0.80160761
 1.12309313 1.16496742 1.43064117 1.41092253 1.374493   1.12765706
 1.23533249 1.44720221 0.76150221 1.01723194 1.31641722 1.67418551
 1.44070387 1.17675483 0.92100453]",1.3334053798958108,0.40539056025316245
133,134,"[1.84384644 1.24746466 0.8269431  2.11158609 1.419716   1.92975903
 1.33983111 1.5463773  1.27158964 1.17701733 1.42958772 0.9110502
 1.17301512 1.24307084 0.80731773 1.22548103 0.68349218 1.79527044
 0.78646827 1.21880925 0.7806865  1.71647429 1.79875052 0.83749735
 3.09287143 2.14372993 2.16069174]",1.4266072312990825,0.5491274772007311
134,135,"[1.18902445 0.78018594 1.28949761 1.02069402 2.58541155 1.14570594
 1.18831539 1.74730158 0.88281059 1.59831488 0.87249452 0.77376324
 1.25139785 1.64832997 1.77190495 1.66740274 1.84192395 1.03992844
 1.36375391 0.68447065 1.43479967 1.42376804 0.75609744 0.80644429
 0.92212898 0.84470391 1.92058933]",1.2759690306804798,0.450932461472243
135,136,"[1.05377769 1.54723096 0.68731987 1.02226496 1.2292974  1.70414615
 0.88882256 1.35980856 4.44696522 1.23710382 1.67868161 0.93537128
 1.67723489 1.90464592 1.09396768 0.85337198 0.53899962 1.98673785
 0.97937596 0.94946885 1.18625915 0.69944161 1.82503939 0.87895709
 1.38559747 0.86244202 1.97245765]",1.3549921181466844,0.7333599133648967
136,137,"[1.19014239 1.13820243 1.0190984  0.95045006 2.46026969 4.92057371
 0.76860446 0.76362336 1.13605893 2.30935407 1.37127829 1.41055775
 1.45044613 0.9148491  1.15742898 1.44930196 1.21169138 1.47302794
 2.25976944 1.29906452 1.99297547 1.6244148  1.14370275 2.51331711
 1.28282154 1.49626029 1.28406537]",1.5552351960429438,0.8133570611857123
137,138,"[2.39151216 1.49552202 3.8654418  1.72025371 1.1533035  3.88708925
 0.81518501 0.81674969 5.34375191 1.78894114 1.56915987 1.49098158
 0.88114876 1.33063936 1.48511362 2.34429741 2.15023065 1.31518161
 1.58064342 1.9710393  1.33822799 1.09973013 1.34050941 0.90753895
 2.03793621 1.38947928 2.04267812]",1.8352698462980765,1.0181617472349067
138,139,"[1.22714138 1.43677115 1.11570978 1.1364634  1.91161466 1.37838817
 1.40903997 0.88152319 1.92465782 1.12616563 1.1679157  2.53488827
 1.63902092 2.06521344 0.98003787 1.08494091 1.0586319  1.78812695
 1.90359664 0.79702115 1.02082682 1.29105186 1.21770263 2.29820848
 1.212942   1.08960199 1.42401528]",1.411896961706656,0.4383508902097499
139,140,"[0.98118061 0.96158898 1.38149619 1.3008939  1.65486288 1.04465652
 0.7618072  0.84994066 1.46861875 1.06747842 1.31772363 1.28324604
 1.0342896  1.26663005 1.72273362 2.10371971 3.01393294 1.48886275
 1.33357131 1.2446847  1.13763773 1.47111535 1.57613647 1.03046405
 1.21995163 1.22553968 1.62326252]",1.3542972560282107,0.43480245609535895
140,141,"[1.28699911 1.18342948 0.97646046 1.06609082 0.93737853 0.75021869
 1.52474213 0.96265399 0.73961842 1.23766804 3.37721348 1.36859131
 0.85949785 0.9996357  1.1826055  2.09714317 0.93882591 0.79637873
 1.09185457 0.61592734 1.39627123 0.73715281 0.82728374 2.43277884
 0.64470881 1.81174564 1.7938354 ]",1.2458040625960738,0.6063265538902839
141,142,"[0.64714676 1.20373797 1.33336997 0.84294987 1.84229898 1.30550289
 1.68020713 1.79590893 1.91862786 1.5863657  1.98043752 0.88277149
 1.32916307 2.07610273 0.82207865 0.91655689 0.91394877 0.88937342
 1.5641793  1.32791734 1.88734221 0.71611273 1.1439383  1.48827481
 1.27748132 0.75686812 1.17825449]",1.3076636018576446,0.4239650108846608
142,143,"[0.8135401  0.90155858 1.22181809 1.0692507  0.92285264 1.48483706
 1.11659765 0.96755224 1.06942368 0.88386059 1.88561654 1.18691063
 1.21968019 0.87519717 0.81372482 1.44206464 1.12591815 2.2334342
 1.91373599 1.53821862 1.34758902 1.03831482 2.37092495 0.77689445
 0.86186397 1.00576222 3.90368462]",1.3329935669898987,0.6570291088701843
143,144,"[1.35846484 2.29760623 1.15491128 0.96656251 0.55649102 1.21174848
 0.90735853 1.15744495 2.47231245 1.95277286 1.52768528 1.40142441
 1.53638172 2.36946535 2.73061275 1.11991417 1.10895836 1.63927746
 1.65985644 0.95909315 1.53217471 1.29028177 1.06953418 1.20523155
 1.55651045 1.28485489 1.90907872]",1.4791114264064364,0.5124905866034511
144,145,"[1.17395687 1.00952935 0.62763774 1.25874591 1.02356958 1.22543859
 2.40487528 1.23721826 1.46788025 1.14487147 1.99583721 1.03061199
 1.59502506 1.11546516 0.74435234 1.69940138 2.66045427 1.05366969
 0.7848978  1.28121328 1.43623018 0.82823765 1.19691002 0.94265044
 0.98635244 1.11546636 1.45553994]",1.277631057633294,0.46183274813733766
145,146,"[2.12774372 1.28773451 0.86342251 0.8499983  0.72361732 1.12339664
 0.94017202 0.88135374 1.01895642 1.14457381 0.77197242 1.73941302
 1.14970291 1.4884038  1.44380879 0.94311482 2.01146317 1.27886832
 0.98530298 0.82227427 1.81397021 1.26150453 1.04847145 0.87436217
 0.54468095 2.54690194 0.89814341]",1.2067899306615193,0.46840453763726914
146,147,"[3.38749099 1.90692353 1.30160451 1.23800826 1.38348758 0.85923946
 1.54140711 2.66430426 1.4959203  1.93634713 2.12630415 1.00601649
 1.80127871 1.26446366 0.96881282 2.08041143 0.85836518 1.09045064
 1.28600621 1.00541818 1.50185871 0.58419365 0.97332245 2.23071337
 1.4326452  1.02976513 1.02920997]",1.4808877441618178,0.6136399534876561
147,148,"[1.78401697 1.72880173 1.4730314  1.06893587 0.68866146 1.17961681
 1.33131027 1.99658966 1.52847719 1.70980811 1.74103618 1.44366133
 1.20078993 2.57331657 1.40823328 0.81086707 1.63989496 1.03130078
 0.5275178  1.05585694 0.99769759 1.19162345 2.07208967 0.99976981
 1.07446694 1.43266439 1.23136759]",1.36745939872883,0.44209590742835075
148,149,"[0.86551285 0.67841482 1.20307755 1.1684525  0.93296123 1.36703265
 0.88062173 2.39406252 1.89026809 1.17945051 0.96705937 1.25295329
 1.43936229 0.87199914 1.45089912 2.61318302 1.68357921 0.73090643
 1.14973783 1.91730046 4.24672985 0.68976325 0.78398114 1.21289814
 3.05867195 1.90068269 0.76724017]",1.4554371039072673,0.8126111078212801
149,150,"[1.2465955  1.62473774 1.21692014 1.48617196 1.17408586 1.25594306
 1.8133657  1.83587897 1.30583286 2.30704045 0.9937371  2.28072906
 1.41251493 0.8898434  1.47497058 0.90812647 1.23401463 0.80639493
 0.89091438 0.82219321 0.47616833 0.83672363 0.74354041 1.35192156
 0.9600361  1.69786608 0.99652678]",1.2608442151987995,0.44418563519983556
150,151,"[0.91461283 1.37267232 1.67816746 0.67437488 0.87564653 0.70489359
 1.07779455 1.20654535 0.99025553 0.75269616 1.1109755  1.93562353
 1.21387661 1.01507115 0.78238624 0.81927562 0.98712265 0.97238433
 0.63913602 1.4768827  2.92085814 0.94592941 0.85428286 0.88398981
 1.08282459 1.16401219 1.70891285]",1.139303829934862,0.47283928258704105
151,152,"[0.93910205 1.14842343 1.87837648 1.22105873 0.60728204 1.01179051
 0.87969249 1.7320379  0.90765727 0.54518902 1.91723514 1.57910502
 2.23636341 0.93529844 1.8565886  0.72163594 1.58889496 1.14618063
 1.04873228 1.68422532 1.62102306 2.01370096 1.50437975 0.94920814
 1.0101732  1.54138434 0.93521249]",1.302220430639055,0.45652396756458136
152,153,"[0.73150527 2.03271151 0.83060801 0.98328358 1.22592258 1.33269107
 0.7842595  1.79353106 0.92552698 1.74420035 1.04078317 0.91012919
 0.70317531 3.03443527 0.90074611 0.9133414  1.2429539  0.77420616
 1.17500901 0.95779973 1.80624247 1.98920131 0.7073853  1.11687982
 2.19514132 1.92073011 0.80571878]",1.28067104683982,0.5733646971308866
153,154,"[0.98581994 1.13429558 1.62188911 0.85413849 0.62316263 1.45955491
 2.18093014 0.97191411 0.85337424 0.70286763 0.74291074 1.11893606
 1.12313163 1.29662597 0.98711556 0.57368815 0.81870723 1.04563677
 1.00152171 1.40182197 1.11052203 1.15026379 0.57895857 0.92670923
 1.31981277 1.30690241 0.83565503]",1.063958015706804,0.3430154902685669
154,155,"[0.95260942 1.81354332 1.30429125 1.24892163 0.74856001 1.24445868
 1.62560058 0.89492571 0.79556292 1.4048264  1.08801281 0.73581052
 0.86448097 0.80534112 0.50365555 0.6275028  2.73783064 1.1309545
 1.43650889 0.70044214 1.30960822 0.94851756 0.92530954 1.0026089
 0.67671961 0.78747404 0.76930761]",1.0771624203081485,0.4526609882485495
155,156,"[1.58540154 1.08629704 2.63890457 1.62697554 0.55359846 1.2856189
 0.93806183 0.66975403 1.2946589  1.14410412 1.29402924 1.40351081
 0.86301506 1.13298869 0.96229452 1.36884952 0.78488874 0.76277757
 1.04880977 1.8525753  0.91978133 1.71156406 0.74315321 1.1292789
 1.10317183 0.68315232 2.41650343]",1.2223599707638775,0.49304701126803674
156,157,"[0.48421538 1.3493731  1.25386453 1.18492806 1.11873436 0.67475897
 2.23599672 1.43374062 0.7340005  0.74144465 1.66832221 0.98264188
 1.56069136 0.73130631 1.42825842 1.0638988  0.83735579 1.07047677
 1.01024258 1.51522791 1.25179791 1.0093441  1.09146667 0.77103817
 1.9282341  1.29003596 1.14427948]",1.1690990858607822,0.3895310414866535
157,158,"[1.41551852 0.80151826 1.93627608 1.43268061 2.29033756 1.37997222
 1.08167613 0.76600182 2.26126027 1.11203218 0.88032174 1.76069832
 0.78908354 0.89614874 0.90493757 1.04261482 0.71863008 0.86467952
 0.7925275  0.71749943 0.84306073 1.0632093  0.84431386 2.32159472
 1.96199334 0.81576896 0.92599952]",1.2081613077057733,0.5172507568135757
158,159,"[1.19320631 0.96684635 0.69646823 0.95786124 0.61607695 1.72534966
 0.99596417 1.19189489 0.90384078 0.76698804 1.19660997 0.64078915
 0.65600073 1.22478044 0.64655328 0.94365716 1.1478548  1.96158838
 0.57937557 1.08643413 0.87898493 0.57987964 0.83861089 2.96380687
 0.60148895 1.1053226  1.43531632]",1.055612979111848,0.5037427009516439
159,160,"[1.75707889 0.86174184 3.0341692  0.89940429 1.06629825 0.72771013
 2.03691101 1.37255538 1.70710897 0.95392036 2.35422039 0.8919602
 0.95984954 0.76344138 1.37776768 1.23770583 1.8282541  2.13620377
 1.106058   0.86033505 0.82229304 1.26937532 0.825405   4.04794884
 0.87867326 0.82900608 2.33875275]",1.4423758718702528,0.7846210428546764
160,161,"[1.58022678 2.00766587 0.85975671 1.76063466 1.3500526  0.93584919
 0.88185847 1.86500442 1.08789849 1.53896117 1.12273598 1.22664368
 0.78343177 1.70220208 2.67566729 1.09801722 3.8293457  1.66064668
 1.50973558 1.00680399 1.72512269 2.0153532  0.84613848 0.89403284
 0.69086504 0.56467259 0.70999563]",1.4047895846543488,0.6885169628481789
161,162,"[1.0931958  0.58789998 1.85605514 1.7682023  1.35491908 0.92583376
 1.15610135 2.25909352 0.78156316 1.3500123  0.89931977 1.00439179
 1.42835617 3.22608471 1.12904668 1.96431744 1.90184367 0.71749485
 2.14881063 1.371912   1.1437664  0.75372511 0.9536792  1.20688236
 1.11314082 1.34278309 1.74009764]",1.3769825454111453,0.5717714926491271
162,163,"[0.77875817 1.91389704 1.1652168  1.28672826 1.78657091 0.8450498
 1.92274666 1.17713308 1.07840967 1.96251273 1.47714722 1.28808618
 1.50784254 2.50811386 1.21074271 0.75718224 0.68291152 1.1781925
 1.30576658 2.12592554 1.68568623 1.00120044 1.6115309  1.40668631
 1.47505414 0.96856642 0.77963495]",1.366196051791862,0.4536151159826735
163,164,"[0.91170669 1.02483511 0.7405768  0.87592661 1.20996511 1.34583426
 1.20219111 2.61529207 1.65737915 0.87875068 0.87607121 0.76756024
 0.99965513 1.03102088 1.29684711 1.73315883 2.03318954 0.81465036
 1.36639452 0.45717919 0.98308659 0.97461081 1.0310719  1.04247975
 0.90241915 1.64623809 1.29339993]",1.1744996596265722,0.4419314562543641
164,165,"[1.05397844 0.73758435 1.12000203 0.97492528 1.26016343 0.63161677
 0.80273426 0.60186881 0.95035684 3.19052339 1.05384099 0.61923057
 1.04809034 0.52908552 1.22076917 0.35680443 1.33175826 1.12921262
 1.20401573 1.76538134 0.57880962 2.28040791 0.59099448 1.40070307
 0.73652381 1.59696782 0.76909781]",1.0939054467059948,0.585718009498242
165,166,"[3.88970041 1.47904611 1.83412874 0.89105844 1.89190435 1.87119126
 0.88593709 0.85892224 1.1891048  1.52059329 0.75716555 0.92090535
 1.39144075 1.58990109 0.77823728 1.10929859 1.02186894 0.75999308
 0.75963181 1.20709443 1.56025147 0.90918875 1.23311353 0.88229269
 0.88477719 0.91032779 4.70541286]",1.3960180702032867,0.900108335972635
166,167,"[0.57315046 1.07698655 1.18482161 0.86528599 0.73960292 1.23097372
 0.92261386 1.07426858 0.95110297 0.54056799 1.90634894 0.54138833
 1.22135139 1.14096022 1.110654   1.70201099 1.54785335 1.4080658
 1.30089068 2.13728356 1.00375795 1.36709428 0.92608225 0.90175182
 2.90545869 1.26588964 1.05498099]",1.2074517607688904,0.49945524758224
167,168,"[1.16687655 1.92040563 1.25659418 0.98741341 0.88680404 0.65925348
 1.01444983 0.78920597 2.16140962 2.56352806 0.95642126 0.93384671
 0.9258244  1.19349504 0.89509273 1.24227297 1.16409039 1.10776496
 1.34408307 1.16707218 1.54110098 1.98295593 0.63262212 0.94269937
 1.14013171 0.94010115 0.88241279]",1.1999232791088246,0.45407362500392956
168,169,"[0.79070508 1.02692652 1.25887239 2.17864513 0.54170352 1.55248642
 1.80542374 1.15526056 0.79819316 1.8076911  1.36372697 1.05260873
 1.01722717 0.73511231 0.69576561 0.69485843 1.74308479 0.94466877
 1.0240978  1.41548371 1.43892527 1.13213074 0.59987646 1.50537467
 0.90396875 1.22931862 0.87752461]",1.1588763351793643,0.4092663184789265
169,170,"[1.452299   0.98115081 0.76671523 0.5205754  1.27396047 1.11741865
 0.57860291 1.13976526 0.61535507 0.59085888 1.51332974 1.23893332
 2.74409509 0.72161222 2.27165103 0.70514655 1.69665778 0.70453531
 0.43486217 0.65771681 1.30814767 0.80917752 1.18159628 1.47904086
 0.8878426  1.60449314 0.68306792]",1.0992076915723306,0.5392103981543671
170,171,"[0.55735409 1.20968342 0.84644461 0.92719489 0.53237212 1.17907095
 1.06693411 1.17892897 1.34157896 1.64351737 0.99463272 0.66575283
 0.73421329 1.23849261 1.08489895 1.14487422 0.50658041 1.22013617
 0.93260658 0.56590033 1.09131515 0.67850149 0.77593446 1.73725259
 1.41621506 1.6553973  1.68507814]",1.0596615473429363,0.36110112938753436
171,172,"[0.67234039 1.34054232 0.99033427 0.91380084 0.73480523 2.03918076
 1.38027442 1.09267592 1.44129586 2.93731093 0.97241449 3.24439669
 1.6267581  2.49833059 1.39855289 1.6395359  0.82591933 1.42062783
 2.3514266  1.02684402 0.91074353 1.91097581 1.0616405  0.87939572
 0.79910541 1.41006923 1.76290739]",1.4548964809488367,0.6616434686533489
172,173,"[0.71563315 1.37179685 1.1595645  0.55557203 3.13911819 0.95034277
 1.92448616 1.11722112 0.94294035 1.41432071 2.45557165 1.03923416
 2.52942824 0.90545774 0.67365956 0.97729826 1.59721839 0.73524964
 0.979837   0.84277409 1.01984859 0.80664575 0.79211533 1.25510478
 1.7325815  1.70189869 2.15474486]",1.3144320028799552,0.6362606293875517
173,174,"[1.07069862 0.86141098 0.874084   1.93223226 1.05121624 2.95370007
 1.12478161 0.59700269 0.59734833 1.14306653 1.57110989 0.69136858
 0.84334481 1.02359688 0.83887577 1.84375679 1.33415079 0.82375753
 0.77761745 1.54209805 0.89930749 0.95040798 0.72558016 0.90953827
 0.42429894 1.60106516 1.3575294 ]",1.1245535280969408,0.5184543918687368
174,175,"[1.40980721 0.68715614 0.72160035 1.04311121 0.92576039 0.73516417
 1.16869056 1.7610954  0.84531879 0.73564279 0.63023567 0.94001251
 0.79174137 1.15102077 1.48734951 1.32087898 1.35857201 1.74869359
 1.65528333 1.37772584 0.57362658 0.92787653 1.34832513 1.29079819
 0.93110657 1.1755774  0.71820819]",1.091125154936755,0.3450278786189151
175,176,"[0.85882437 0.50793964 2.02068734 1.09849596 1.12090921 1.05620837
 0.96220255 0.64527094 0.76494682 1.296152   0.49957883 0.96654832
 3.20454836 0.63950288 0.703879   1.47706234 0.60986018 1.02170682
 0.47921851 1.01510751 1.42230904 1.07330155 1.26260054 1.06878483
 1.67472339 0.63674188 1.17977822]",1.0839588675234053,0.5534101389531483
176,177,"[0.74471337 1.32590151 0.72539836 0.73603594 1.25415874 1.83061373
 1.4784987  2.53835869 0.95396972 0.81290531 0.56000793 0.3460753
 0.89344203 0.91967392 0.55589479 1.04215455 1.30906534 1.10334992
 1.35485113 0.46442509 0.74645483 0.43121493 1.10044014 0.99442863
 2.46926022 0.69427603 1.26080358]",1.0609767569435968,0.5332757454049546
177,178,"[1.06384778 0.78915167 0.6011951  0.82963222 1.32723927 1.02983999
 0.83576083 1.68630731 1.18026996 0.57749045 0.94696265 0.59345055
 1.07124805 0.84444427 1.25143147 0.66361845 0.9474436  1.2396245
 0.60242486 1.57980371 1.50970364 0.99050963 0.94835746 1.12225044
 1.0488534  1.00047791 2.54257822]",1.0675524958857783,0.4090625302821853
178,179,"[0.73633015 1.59214163 1.15450573 0.72084296 1.35878026 1.11760175
 1.04163098 0.81952357 1.05560076 0.80128217 1.36739361 0.86284482
 0.81338066 1.72064638 0.94794869 0.50910497 1.77277088 0.74863362
 0.52372313 0.77965003 0.88522726 2.22692442 1.26090574 0.64336288
 0.54329973 0.9728328  2.60610104]",1.095666320235641,0.5049505997579414
179,180,"[0.5633077  0.77423626 1.06918597 0.6895017  1.19351292 0.85953391
 0.87107837 0.78850639 1.32247877 1.22139287 0.85559934 0.98121053
 0.91930902 0.64044809 0.58907562 0.83837187 1.32619298 0.83321732
 0.56205112 1.48963761 1.47215784 0.68810999 1.30160975 0.64209944
 1.5474422  1.26524734 0.51556808]",0.9562993711895413,0.3117791927704279
180,181,"[0.93100441 0.95705402 0.69826233 1.27339125 1.01262355 0.69533455
 1.13945937 0.67016524 0.69974232 0.58927655 0.74327242 0.71990567
 0.66784871 0.91836751 0.74589485 1.05151176 1.090276   0.82766604
 1.76187253 1.24128318 1.38940287 1.26135516 0.60106683 0.72616494
 0.46337062 0.65055376 1.10779047]",0.9123672931282608,0.29350889591798074
181,182,"[0.56179303 1.07958651 0.64878237 0.61897397 1.60186958 0.7249794
 1.26032007 0.71220505 1.71312582 0.55757034 0.53278977 0.55072218
 1.22125793 1.5081656  1.38046634 1.10361767 1.25257564 1.08238888
 0.58620328 0.54214829 0.50981569 0.46620518 0.57954067 1.28696728
 0.88993889 0.77998471 1.72179127]",0.9434735333478009,0.4024692414214365
182,183,"[1.54449713 2.56469059 1.05970383 0.38579088 0.94656855 1.28935242
 1.01317477 0.82248431 1.23592162 0.72750509 0.71192026 0.69435287
 0.69590282 0.70233512 1.38486385 0.75440049 1.13799524 0.85109091
 1.5386982  1.4159503  0.53386807 0.72816408 0.5366165  1.53428006
 1.0490036  1.7483356  0.543679  ]",1.0426350434621174,0.46971208931817765
183,184,"[1.25289118 0.61611211 0.73476958 1.09743667 0.92547864 0.80202335
 0.57313889 1.80672956 0.56117219 1.76037586 1.76684594 0.49936593
 0.81550217 0.69234943 0.77448821 0.83485961 1.32318175 0.97488952
 0.79986185 1.38629365 1.2045809  0.61437523 1.10921741 0.84673017
 0.88536578 0.67543221 1.53729498]",0.9952134357558357,0.38064600522262665
184,185,"[1.1282208  1.61024499 0.91564775 0.82534027 1.10136151 1.13150513
 0.6484071  0.704826   0.65862477 0.97788906 1.02688169 1.12659168
 0.89112085 1.60811567 1.26606023 0.75250983 0.63212436 0.68206537
 2.96147776 0.73986375 1.75031936 1.47904134 0.48288259 1.33633995
 1.54870987 0.5648787  0.5924263 ]",1.0793880257341597,0.5136321334761456
185,186,"[1.37715089 0.85367739 0.96820223 1.94954562 0.53841972 0.85345638
 1.15420127 1.39158845 1.96345842 0.90618777 0.52670467 0.65144539
 0.71268255 0.55110061 0.36145976 0.90116024 1.14080381 0.93327022
 1.14677835 0.63019514 1.10401678 4.36659718 0.85247517 1.28293014
 0.87577409 1.00831151 1.17454457]",1.11763475228239,0.73945922353138
186,187,"[0.75818217 1.33164763 1.48308551 1.1891892  1.26806509 1.33832037
 1.03095555 0.71471274 0.84088993 0.86128402 1.12744069 1.21124816
 0.90358573 0.9679417  2.41171765 1.0852803  0.88896406 1.3328588
 0.72542632 0.79144251 1.02926099 0.73322082 2.03211951 0.5314877
 0.54766369 1.23780835 0.75565541]",1.078868689360442,0.41159110455951786
187,188,"[0.7126106  2.54336119 0.97834146 0.70273864 0.57610071 0.70047671
 1.3587389  0.43413427 1.00830173 0.90524101 1.14216495 1.95491529
 1.1623702  0.88940382 2.4727807  1.50577497 0.5969398  0.7230109
 0.52101767 1.84807968 1.17308033 0.47460634 2.57971621 0.96241927
 2.14393067 1.00646067 1.3125248 ]",1.1996015365476962,0.6382164396027362
188,189,"[0.90672481 0.70846212 0.83983803 1.2925607  1.86858654 0.63861489
 0.66260833 1.28524661 1.15588105 1.03071153 1.39792728 0.82635742
 1.17915559 3.90448904 0.76283211 0.74054551 0.69224495 1.00495958
 0.74499583 0.60608941 1.37437725 0.5056085  1.54079151 0.65962195
 0.65602779 1.1953522  1.18263459]",1.0875275973920469,0.6435275258312471
189,190,"[0.59557754 2.75030065 0.87101972 0.97967064 1.38640285 0.69545585
 0.74062622 1.17067838 0.99620807 1.74704874 1.46795118 1.46213698
 1.94711554 1.05508196 1.01371431 0.77639061 0.5794732  1.17064118
 1.57223296 0.57100898 0.72153699 0.80074245 1.05919147 1.64063489
 0.94748616 0.672351   0.54271531]",1.1086442161489416,0.5008380754132791
190,191,"[0.80971968 0.84642887 0.62902927 0.86766291 1.00717521 1.2751348
 0.7981056  1.38723743 0.63968503 0.92548341 0.88822669 1.16334367
 1.00969195 1.10897112 1.59106731 2.07515216 1.11026859 0.64680099
 0.6528219  0.6797725  0.70833617 1.13671494 0.78514969 1.01512229
 1.35354936 0.71853459 0.75400925]",0.9845627921598928,0.3300760552185687
191,192,"[1.9105202  1.25348854 0.88761431 1.29392612 0.80345649 0.49422675
 1.60495353 0.95258152 1.26143932 0.79614955 0.6765694  0.80569708
 1.3450917  0.59808433 0.77380764 0.90451235 0.73866427 1.34544539
 0.73368806 0.54272866 1.57858968 0.63286996 1.2431227  1.33001077
 0.66960955 0.90045118 2.82172012]",1.0703340437677171,0.49656345777184696
192,193,"[0.78044307 0.81538272 1.63609719 1.33423185 1.23027539 0.63880801
 1.29472637 0.92246377 0.91621321 0.79799491 0.76702082 0.74087
 0.97777373 1.21089125 1.11216271 1.25583529 0.69284165 1.27834463
 0.70888692 1.23854315 0.68271798 0.41279811 1.1550734  0.75117826
 0.8526144  1.06447911 0.74708885]",0.9635465476248,0.27662698256850393
193,194,"[1.15165269 1.09113884 0.53625363 0.85822809 0.74098855 0.63367331
 0.92292708 0.73238808 3.37359262 0.9907577  0.80697095 1.63744855
 0.76321781 1.07262099 0.65386808 1.41760075 2.00590611 0.72577268
 1.06597078 0.92776358 1.2517451  1.37537372 0.74391532 0.89198267
 1.44164753 1.02551937 0.49965748]",1.0866141506919154,0.5643779614604709
194,195,"[0.53803426 0.92645276 1.13307345 0.65224552 1.2509135  1.52921796
 0.80862123 1.4030056  1.58641362 0.65076566 1.01225853 1.33517754
 0.65456593 1.1862613  1.33276081 0.99744833 1.12662959 0.8548407
 0.68646228 0.83852047 0.53662723 1.5480938  0.86909616 1.74169254
 0.74588919 0.88300055 0.62933862]",1.0169410043292575,0.3439627769680055
195,196,"[0.94493186 0.73622108 0.66225362 1.0448314  1.10395682 0.67451453
 0.60437727 0.82167709 1.10331821 0.51390475 0.95953506 0.70406115
 1.52762461 0.66105288 0.70599657 2.37659407 0.80522871 1.59762287
 1.12502992 0.93505365 1.74944127 0.47241598 1.37062836 1.7009722
 0.87871033 0.87482643 0.81133389]",1.0172635029863428,0.436580262325062
196,197,"[1.37934065 0.49361357 1.27264261 1.1426152  0.76175678 1.60523152
 1.26498365 1.18757188 0.89141071 0.94205767 1.41255069 1.00833678
 0.89450073 0.82256478 0.69214767 1.48739517 0.72666776 0.96177226
 1.20465779 0.69285917 0.75081313 1.57364702 2.80373144 0.54140818
 1.15266085 1.07813787 0.65623218]",1.0889373234024755,0.4548159264664177
197,198,"[0.57200849 0.93810314 0.86631191 1.10300088 1.12786913 0.52910137
 0.81590366 0.85432482 1.77284002 0.47758251 2.04121757 0.6459372
 0.6360302  0.60750914 0.71493936 0.56808442 0.55949211 0.67243242
 0.42901444 1.38733673 0.72067761 1.60297573 0.70068431 0.71188211
 0.62167674 2.43532228 0.81099385]",0.9230834135302791,0.4949223038588602
198,199,"[0.87197834 1.41070676 1.31595588 0.55550778 0.81056595 0.34643131
 0.94390947 0.50510097 0.6595881  0.50090706 0.76828468 1.01605594
 0.95919484 0.77271712 0.73762167 0.61092263 0.64972407 1.22494853
 0.84748805 0.62975115 1.05580401 1.11842287 0.51096582 1.42407799
 0.37120694 0.69143105 0.49622077]",0.8076107303301493,0.2981948333409346
199,200,"[0.63854903 0.38309616 0.57295585 0.57214624 0.68188465 0.77341223
 0.59751332 0.57834029 0.50949484 0.51417816 0.76456952 0.85183883
 1.36460388 0.80792946 1.2153641  0.47116059 0.64729893 1.48439598
 1.10673928 1.61121726 0.62722188 1.13678765 1.74905217 0.77422452
 1.3880564  2.14605045 0.51410896]",0.9067478003325286,0.44712727216963316
